invoice_number,invoice_date,warehouse_id,external_order_id,sku,charge_type,quantity,unit_rate,amount,raw_row_ref
3PL-WH-IL-01-20260303,2026-03-03,WH-IL-01,ORD-00001,SKU-B210,pick_fee,1,2.10,2.10,TPL-000001
3PL-WH-NJ-01-20260303,2026-03-03,WH-NJ-01,ORD-00002,SKU-C330,pick_fee,1,2.10,2.10,TPL-000002
3PL-WH-NJ-01-20260303,2026-03-03,WH-NJ-01,ORD-00002,SKU-C330,additional_item_fee,3,0.65,1.95,TPL-000003
3PL-WH-NJ-01-20260303,2026-03-03,WH-NJ-01,ORD-00003,SKU-E515,pick_fee,1,2.10,2.10,TPL-000004
3PL-WH-NJ-01-20260303,2026-03-03,WH-NJ-01,ORD-00003,SKU-E515,additional_item_fee,1,0.65,0.65,TPL-000005
3PL-WH-NJ-01-20260303,2026-03-03,WH-NJ-01,ORD-00003,SKU-E515,packaging_fee,1,0.40,0.40,TPL-000006
3PL-WH-IL-01-20260304,2026-03-04,WH-IL-01,ORD-00004,SKU-D410,pick_fee,1,2.10,2.10,TPL-000007
3PL-WH-IL-01-20260304,2026-03-04,WH-IL-01,ORD-00004,SKU-D410,additional_item_fee,1,0.65,0.65,TPL-000008
3PL-WH-IL-01-20260304,2026-03-04,WH-IL-01,ORD-00004,SKU-D410,packaging_fee,1,0.40,0.40,TPL-000009
3PL-WH-IL-01-20260304,2026-03-04,WH-IL-01,ORD-00005,SKU-A100,pick_fee,1,2.10,2.10,TPL-000010
3PL-WH-IL-01-20260304,2026-03-04,WH-IL-01,ORD-00005,SKU-A100,additional_item_fee,1,0.65,0.65,TPL-000011
3PL-WH-NJ-01-20260304,2026-03-04,WH-NJ-01,ORD-00006,SKU-F640,pick_fee,1,2.10,2.10,TPL-000012
3PL-WH-NJ-01-20260304,2026-03-04,WH-NJ-01,ORD-00006,SKU-F640,additional_item_fee,3,0.65,1.95,TPL-000013
3PL-WH-NJ-01-20260304,2026-03-04,WH-NJ-01,ORD-00006,SKU-F640,packaging_fee,1,0.40,0.40,TPL-000014
3PL-WH-CA-01-20260304,2026-03-04,WH-CA-01,ORD-00007,SKU-E515,pick_fee,1,2.10,2.10,TPL-000015
3PL-WH-NJ-01-20260305,2026-03-05,WH-NJ-01,ORD-00008,SKU-F640,pick_fee,1,2.10,2.10,TPL-000016
3PL-WH-IL-01-20260305,2026-03-05,WH-IL-01,ORD-00009,SKU-G725,pick_fee,1,2.10,2.10,TPL-000017
3PL-WH-IL-01-20260305,2026-03-05,WH-IL-01,ORD-00009,SKU-G725,additional_item_fee,1,0.65,0.65,TPL-000018
3PL-WH-IL-01-20260305,2026-03-05,WH-IL-01,ORD-00010,SKU-F640,pick_fee,1,2.10,2.10,TPL-000019
3PL-WH-IL-01-20260305,2026-03-05,WH-IL-01,ORD-00011,SKU-G725,pick_fee,1,2.10,2.10,TPL-000020
3PL-WH-IL-01-20260305,2026-03-05,WH-IL-01,ORD-00011,SKU-G725,additional_item_fee,1,0.65,0.65,TPL-000021
3PL-WH-IL-01-20260305,2026-03-05,WH-IL-01,ORD-00012,SKU-D410,pick_fee,1,2.10,2.10,TPL-000022
3PL-WH-IL-01-20260305,2026-03-05,WH-IL-01,ORD-00012,SKU-D410,additional_item_fee,1,0.65,0.65,TPL-000023
3PL-WH-IL-01-20260305,2026-03-05,WH-IL-01,ORD-00012,SKU-D410,packaging_fee,1,0.40,0.40,TPL-000024
3PL-WH-CA-01-20260306,2026-03-06,WH-CA-01,ORD-00013,SKU-F640,pick_fee,1,2.10,2.10,TPL-000025
3PL-WH-CA-01-20260306,2026-03-06,WH-CA-01,ORD-00013,SKU-F640,additional_item_fee,3,0.65,1.95,TPL-000026
3PL-WH-IL-01-20260306,2026-03-06,WH-IL-01,ORD-00014,SKU-C330,pick_fee,1,2.10,2.10,TPL-000027
3PL-WH-CA-01-20260306,2026-03-06,WH-CA-01,ORD-00015,SKU-D410,pick_fee,1,2.10,2.10,TPL-000028
3PL-WH-CA-01-20260306,2026-03-06,WH-CA-01,ORD-00015,SKU-D410,packaging_fee,1,0.40,0.40,TPL-000029
3PL-WH-CA-01-20260306,2026-03-06,WH-CA-01,ORD-00016,SKU-D410,pick_fee,1,2.10,2.10,TPL-000030
3PL-WH-CA-01-20260307,2026-03-07,WH-CA-01,ORD-00017,SKU-G725,pick_fee,1,2.10,2.10,TPL-000031
3PL-WH-CA-01-20260307,2026-03-07,WH-CA-01,ORD-00017,SKU-G725,packaging_fee,1,0.40,0.40,TPL-000032
3PL-WH-CA-01-20260307,2026-03-07,WH-CA-01,ORD-00018,SKU-G725,pick_fee,1,2.10,2.10,TPL-000033
3PL-WH-NJ-01-20260307,2026-03-07,WH-NJ-01,ORD-00019,SKU-D410,pick_fee,1,2.85,2.85,TPL-000034
3PL-WH-NJ-01-20260307,2026-03-07,WH-NJ-01,ORD-00020,SKU-C330,pick_fee,1,2.10,2.10,TPL-000035
3PL-WH-NJ-01-20260307,2026-03-07,WH-NJ-01,ORD-00020,SKU-C330,additional_item_fee,3,0.65,1.95,TPL-000036
3PL-WH-NJ-01-20260307,2026-03-07,WH-NJ-01,ORD-00021,SKU-B210,pick_fee,1,2.10,2.10,TPL-000037
3PL-WH-NJ-01-20260307,2026-03-07,WH-NJ-01,ORD-00021,SKU-B210,additional_item_fee,1,0.65,0.65,TPL-000038
3PL-WH-NJ-01-20260308,2026-03-08,WH-NJ-01,ORD-00022,SKU-B210,pick_fee,1,2.10,2.10,TPL-000039
3PL-WH-NJ-01-20260308,2026-03-08,WH-NJ-01,ORD-00022,SKU-B210,additional_item_fee,1,0.65,0.65,TPL-000040
3PL-WH-NJ-01-20260308,2026-03-08,WH-NJ-01,ORD-00023,SKU-G725,pick_fee,1,2.10,2.10,TPL-000041
3PL-WH-NJ-01-20260308,2026-03-08,WH-NJ-01,ORD-00023,SKU-G725,additional_item_fee,2,0.65,1.30,TPL-000042
3PL-WH-IL-01-20260308,2026-03-08,WH-IL-01,ORD-00024,SKU-G725,pick_fee,1,2.10,2.10,TPL-000043
3PL-WH-IL-01-20260308,2026-03-08,WH-IL-01,ORD-00024,SKU-G725,additional_item_fee,1,0.65,0.65,TPL-000044
3PL-WH-IL-01-20260308,2026-03-08,WH-IL-01,ORD-00024,SKU-G725,packaging_fee,1,0.40,0.40,TPL-000045
3PL-WH-IL-01-20260308,2026-03-08,WH-IL-01,ORD-00025,SKU-B210,pick_fee,1,2.10,2.10,TPL-000046
3PL-WH-IL-01-20260308,2026-03-08,WH-IL-01,ORD-00026,SKU-E515,pick_fee,1,2.10,2.10,TPL-000047
3PL-WH-IL-01-20260308,2026-03-08,WH-IL-01,ORD-00026,SKU-E515,packaging_fee,1,0.40,0.40,TPL-000048
3PL-WH-NJ-01-20260308,2026-03-08,WH-NJ-01,ORD-00027,SKU-E515,pick_fee,1,2.10,2.10,TPL-000049
3PL-WH-NJ-01-20260308,2026-03-08,WH-NJ-01,ORD-00027,SKU-E515,additional_item_fee,2,0.65,1.30,TPL-000050
3PL-WH-NJ-01-20260308,2026-03-08,WH-NJ-01,ORD-00027,SKU-E515,packaging_fee,1,0.40,0.40,TPL-000051
3PL-WH-IL-01-20260309,2026-03-09,WH-IL-01,ORD-00028,SKU-E515,pick_fee,1,2.10,2.10,TPL-000052
3PL-WH-IL-01-20260309,2026-03-09,WH-IL-01,ORD-00028,SKU-E515,additional_item_fee,1,0.65,0.65,TPL-000053
3PL-WH-NJ-01-20260309,2026-03-09,WH-NJ-01,ORD-00029,SKU-G725,pick_fee,1,2.10,2.10,TPL-000054
3PL-WH-NJ-01-20260309,2026-03-09,WH-NJ-01,ORD-00029,SKU-G725,additional_item_fee,3,0.65,1.95,TPL-000055
3PL-WH-NJ-01-20260309,2026-03-09,WH-NJ-01,ORD-00029,SKU-G725,packaging_fee,1,0.40,0.40,TPL-000056
3PL-WH-IL-01-20260309,2026-03-09,WH-IL-01,ORD-00030,SKU-C330,pick_fee,1,2.10,2.10,TPL-000057
3PL-WH-IL-01-20260309,2026-03-09,WH-IL-01,ORD-00030,SKU-C330,packaging_fee,1,0.40,0.40,TPL-000058
3PL-WH-CA-01-20260309,2026-03-09,WH-CA-01,ORD-00031,SKU-B210,pick_fee,1,2.10,2.10,TPL-000059
3PL-WH-CA-01-20260309,2026-03-09,WH-CA-01,ORD-00031,SKU-B210,additional_item_fee,1,0.65,0.65,TPL-000060
3PL-WH-IL-01-20260310,2026-03-10,WH-IL-01,ORD-00032,SKU-A100,pick_fee,1,2.10,2.10,TPL-000061
3PL-WH-CA-01-20260310,2026-03-10,WH-CA-01,ORD-00033,SKU-A100,pick_fee,1,2.10,2.10,TPL-000062
3PL-WH-CA-01-20260310,2026-03-10,WH-CA-01,ORD-00033,SKU-A100,additional_item_fee,3,0.65,1.95,TPL-000063
3PL-WH-CA-01-20260310,2026-03-10,WH-CA-01,ORD-00034,SKU-B210,pick_fee,1,2.10,2.10,TPL-000064
3PL-WH-CA-01-20260310,2026-03-10,WH-CA-01,ORD-00035,SKU-F640,pick_fee,1,2.10,2.10,TPL-000065
3PL-WH-CA-01-20260310,2026-03-10,WH-CA-01,ORD-00035,SKU-F640,packaging_fee,1,0.40,0.40,TPL-000066
3PL-WH-CA-01-20260310,2026-03-10,WH-CA-01,ORD-00036,SKU-E515,pick_fee,1,2.10,2.10,TPL-000067
3PL-WH-CA-01-20260310,2026-03-10,WH-CA-01,ORD-00036,SKU-E515,packaging_fee,1,0.40,0.40,TPL-000068
3PL-WH-NJ-01-20260311,2026-03-11,WH-NJ-01,ORD-00037,SKU-G725,pick_fee,1,2.10,2.10,TPL-000069
3PL-WH-NJ-01-20260311,2026-03-11,WH-NJ-01,ORD-00038,SKU-F640,pick_fee,1,2.10,2.10,TPL-000070
3PL-WH-NJ-01-20260311,2026-03-11,WH-NJ-01,ORD-00038,SKU-F640,additional_item_fee,1,0.65,0.65,TPL-000071
3PL-WH-NJ-01-20260311,2026-03-11,WH-NJ-01,ORD-00038,SKU-F640,packaging_fee,1,0.40,0.40,TPL-000072
3PL-WH-NJ-01-20260311,2026-03-11,WH-NJ-01,ORD-00039,SKU-B210,pick_fee,1,2.10,2.10,TPL-000073
3PL-WH-NJ-01-20260311,2026-03-11,WH-NJ-01,ORD-00039,SKU-B210,additional_item_fee,1,0.65,0.65,TPL-000074
3PL-WH-IL-01-20260311,2026-03-11,WH-IL-01,ORD-00040,SKU-E515,pick_fee,1,2.10,2.10,TPL-000075
3PL-WH-IL-01-20260311,2026-03-11,WH-IL-01,ORD-00041,SKU-A100,pick_fee,1,2.10,2.10,TPL-000076
3PL-WH-NJ-01-20260312,2026-03-12,WH-NJ-01,ORD-00042,SKU-B210,pick_fee,1,2.10,2.10,TPL-000077
3PL-WH-NJ-01-20260312,2026-03-12,WH-NJ-01,ORD-00042,SKU-B210,additional_item_fee,2,0.65,1.30,TPL-000078
3PL-WH-IL-01-20260312,2026-03-12,WH-IL-01,ORD-00043,SKU-D410,pick_fee,1,2.10,2.10,TPL-000079
3PL-WH-IL-01-20260312,2026-03-12,WH-IL-01,ORD-00043,SKU-D410,packaging_fee,1,0.40,0.40,TPL-000080
3PL-WH-IL-01-20260312,2026-03-12,WH-IL-01,ORD-00044,SKU-A100,pick_fee,1,2.10,2.10,TPL-000081
3PL-WH-IL-01-20260312,2026-03-12,WH-IL-01,ORD-00044,SKU-A100,packaging_fee,1,0.40,0.40,TPL-000082
3PL-WH-IL-01-20260312,2026-03-12,WH-IL-01,ORD-00045,SKU-A100,pick_fee,1,2.10,2.10,TPL-000083
3PL-WH-IL-01-20260312,2026-03-12,WH-IL-01,ORD-00045,SKU-A100,additional_item_fee,2,0.65,1.30,TPL-000084
3PL-WH-IL-01-20260312,2026-03-12,WH-IL-01,ORD-00046,SKU-C330,pick_fee,1,2.10,2.10,TPL-000085
3PL-WH-IL-01-20260312,2026-03-12,WH-IL-01,ORD-00046,SKU-C330,additional_item_fee,2,0.65,1.30,TPL-000086
3PL-WH-CA-01-20260313,2026-03-13,WH-CA-01,ORD-00047,SKU-C330,pick_fee,1,2.10,2.10,TPL-000087
3PL-WH-CA-01-20260313,2026-03-13,WH-CA-01,ORD-00047,SKU-C330,additional_item_fee,1,0.65,0.65,TPL-000088
3PL-WH-CA-01-20260313,2026-03-13,WH-CA-01,ORD-00048,SKU-E515,pick_fee,1,2.10,2.10,TPL-000089
3PL-WH-CA-01-20260313,2026-03-13,WH-CA-01,ORD-00048,SKU-E515,packaging_fee,1,0.40,0.40,TPL-000090
3PL-WH-NJ-01-20260313,2026-03-13,WH-NJ-01,ORD-00049,SKU-A100,pick_fee,1,2.10,2.10,TPL-000091
3PL-WH-IL-01-20260313,2026-03-13,WH-IL-01,ORD-00050,SKU-D410,pick_fee,1,2.10,2.10,TPL-000092
3PL-WH-IL-01-20260313,2026-03-13,WH-IL-01,ORD-00050,SKU-D410,packaging_fee,1,0.40,0.40,TPL-000093
3PL-WH-CA-01-20260314,2026-03-14,WH-CA-01,ORD-00051,SKU-C330,pick_fee,1,2.10,2.10,TPL-000094
3PL-WH-CA-01-20260314,2026-03-14,WH-CA-01,ORD-00051,SKU-C330,packaging_fee,1,0.40,0.40,TPL-000095
3PL-WH-CA-01-20260314,2026-03-14,WH-CA-01,ORD-00052,SKU-A100,pick_fee,1,2.10,2.10,TPL-000096
3PL-WH-CA-01-20260314,2026-03-14,WH-CA-01,ORD-00053,SKU-E515,pick_fee,1,2.10,2.10,TPL-000097
3PL-WH-CA-01-20260314,2026-03-14,WH-CA-01,ORD-00053,SKU-E515,packaging_fee,1,0.40,0.40,TPL-000098
3PL-WH-CA-01-20260314,2026-03-14,WH-CA-01,ORD-00054,SKU-A100,pick_fee,1,2.10,2.10,TPL-000099
3PL-WH-CA-01-20260314,2026-03-14,WH-CA-01,ORD-00054,SKU-A100,additional_item_fee,2,0.65,1.30,TPL-000100
3PL-WH-IL-01-20260314,2026-03-14,WH-IL-01,ORD-00055,SKU-G725,pick_fee,1,2.10,2.10,TPL-000101
3PL-WH-IL-01-20260314,2026-03-14,WH-IL-01,ORD-00055,SKU-G725,additional_item_fee,1,0.65,0.65,TPL-000102
3PL-WH-NJ-01-20260315,2026-03-15,WH-NJ-01,ORD-00056,SKU-D410,pick_fee,1,2.10,2.10,TPL-000103
3PL-WH-NJ-01-20260315,2026-03-15,WH-NJ-01,ORD-00056,SKU-D410,packaging_fee,1,0.40,0.40,TPL-000104
3PL-WH-IL-01-20260315,2026-03-15,WH-IL-01,ORD-00057,SKU-A100,pick_fee,1,2.10,2.10,TPL-000105
3PL-WH-IL-01-20260315,2026-03-15,WH-IL-01,ORD-00057,SKU-A100,packaging_fee,1,0.40,0.40,TPL-000106
3PL-WH-IL-01-20260315,2026-03-15,WH-IL-01,ORD-00058,SKU-E515,pick_fee,1,2.10,2.10,TPL-000107
3PL-WH-IL-01-20260315,2026-03-15,WH-IL-01,ORD-00058,SKU-E515,additional_item_fee,1,0.65,0.65,TPL-000108
3PL-WH-IL-01-20260315,2026-03-15,WH-IL-01,ORD-00059,SKU-D410,pick_fee,1,2.10,2.10,TPL-000109
3PL-WH-IL-01-20260315,2026-03-15,WH-IL-01,ORD-00059,SKU-D410,additional_item_fee,2,0.65,1.30,TPL-000110
3PL-WH-NJ-01-20260315,2026-03-15,WH-NJ-01,ORD-00060,SKU-C330,pick_fee,1,2.10,2.10,TPL-000111
3PL-WH-NJ-01-20260315,2026-03-15,WH-NJ-01,ORD-00060,SKU-C330,additional_item_fee,2,0.65,1.30,TPL-000112
3PL-WH-NJ-01-20260315,2026-03-15,WH-NJ-01,ORD-00060,SKU-C330,packaging_fee,1,0.40,0.40,TPL-000113
3PL-WH-CA-01-20260316,2026-03-16,WH-CA-01,ORD-00061,SKU-F640,pick_fee,1,2.10,2.10,TPL-000114
3PL-WH-NJ-01-20260316,2026-03-16,WH-NJ-01,ORD-00062,SKU-G725,pick_fee,1,2.10,2.10,TPL-000115
3PL-WH-NJ-01-20260316,2026-03-16,WH-NJ-01,ORD-00062,SKU-G725,additional_item_fee,2,0.65,1.30,TPL-000116
3PL-WH-NJ-01-20260316,2026-03-16,WH-NJ-01,ORD-00062,SKU-G725,packaging_fee,1,0.40,0.40,TPL-000117
3PL-WH-IL-01-20260316,2026-03-16,WH-IL-01,ORD-00063,SKU-E515,pick_fee,1,2.10,2.10,TPL-000118
3PL-WH-IL-01-20260316,2026-03-16,WH-IL-01,ORD-00063,SKU-E515,additional_item_fee,2,0.65,1.30,TPL-000119
3PL-WH-IL-01-20260316,2026-03-16,WH-IL-01,ORD-00063,SKU-E515,packaging_fee,1,0.40,0.40,TPL-000120
3PL-WH-IL-01-20260316,2026-03-16,WH-IL-01,ORD-00064,SKU-E515,pick_fee,1,2.10,2.10,TPL-000121
3PL-WH-IL-01-20260316,2026-03-16,WH-IL-01,ORD-00064,SKU-E515,packaging_fee,1,0.40,0.40,TPL-000122
3PL-WH-IL-01-20260316,2026-03-16,WH-IL-01,ORD-00065,SKU-E515,pick_fee,1,2.10,2.10,TPL-000123
3PL-WH-IL-01-20260317,2026-03-17,WH-IL-01,ORD-00066,SKU-E515,pick_fee,1,2.10,2.10,TPL-000124
3PL-WH-IL-01-20260317,2026-03-17,WH-IL-01,ORD-00066,SKU-E515,additional_item_fee,1,0.65,0.65,TPL-000125
3PL-WH-IL-01-20260317,2026-03-17,WH-IL-01,ORD-00066,SKU-E515,packaging_fee,1,0.40,0.40,TPL-000126
3PL-WH-CA-01-20260317,2026-03-17,WH-CA-01,ORD-00067,SKU-D410,pick_fee,1,2.10,2.10,TPL-000127
3PL-WH-CA-01-20260317,2026-03-17,WH-CA-01,ORD-00067,SKU-D410,packaging_fee,1,0.40,0.40,TPL-000128
3PL-WH-CA-01-20260317,2026-03-17,WH-CA-01,ORD-00068,SKU-E515,pick_fee,1,2.10,2.10,TPL-000129
3PL-WH-IL-01-20260317,2026-03-17,WH-IL-01,ORD-00069,SKU-B210,pick_fee,1,2.10,2.10,TPL-000130
3PL-WH-IL-01-20260317,2026-03-17,WH-IL-01,ORD-00069,SKU-B210,additional_item_fee,1,0.65,0.65,TPL-000131
3PL-WH-IL-01-20260317,2026-03-17,WH-IL-01,ORD-00069,SKU-B210,packaging_fee,1,0.40,0.40,TPL-000132
3PL-WH-CA-01-20260317,2026-03-17,WH-CA-01,ORD-00070,SKU-F640,pick_fee,1,2.10,2.10,TPL-000133
3PL-WH-CA-01-20260318,2026-03-18,WH-CA-01,ORD-00071,SKU-C330,pick_fee,1,2.10,2.10,TPL-000134
3PL-WH-CA-01-20260318,2026-03-18,WH-CA-01,ORD-00072,SKU-E515,pick_fee,1,2.10,2.10,TPL-000135
3PL-WH-CA-01-20260318,2026-03-18,WH-CA-01,ORD-00072,SKU-E515,packaging_fee,1,0.40,0.40,TPL-000136
3PL-WH-NJ-01-20260318,2026-03-18,WH-NJ-01,ORD-00073,SKU-B210,pick_fee,1,2.10,2.10,TPL-000137
3PL-WH-NJ-01-20260318,2026-03-18,WH-NJ-01,ORD-00073,SKU-B210,additional_item_fee,2,0.65,1.30,TPL-000138
3PL-WH-NJ-01-20260318,2026-03-18,WH-NJ-01,ORD-00073,SKU-B210,packaging_fee,1,0.40,0.40,TPL-000139
3PL-WH-NJ-01-20260318,2026-03-18,WH-NJ-01,ORD-00074,SKU-A100,pick_fee,1,2.10,2.10,TPL-000140
3PL-WH-NJ-01-20260318,2026-03-18,WH-NJ-01,ORD-00075,SKU-G725,pick_fee,1,2.10,2.10,TPL-000141
3PL-WH-NJ-01-20260318,2026-03-18,WH-NJ-01,ORD-00075,SKU-G725,additional_item_fee,2,0.65,1.30,TPL-000142
3PL-WH-NJ-01-20260318,2026-03-18,WH-NJ-01,ORD-00075,SKU-G725,packaging_fee,1,0.40,0.40,TPL-000143
3PL-WH-IL-01-20260319,2026-03-19,WH-IL-01,ORD-00076,SKU-G725,pick_fee,1,2.10,2.10,TPL-000144
3PL-WH-IL-01-20260319,2026-03-19,WH-IL-01,ORD-00076,SKU-G725,additional_item_fee,1,0.65,0.65,TPL-000145
3PL-WH-IL-01-20260319,2026-03-19,WH-IL-01,ORD-00077,SKU-G725,pick_fee,1,2.10,2.10,TPL-000146
3PL-WH-NJ-01-20260319,2026-03-19,WH-NJ-01,ORD-00078,SKU-C330,pick_fee,1,2.10,2.10,TPL-000147
3PL-WH-NJ-01-20260319,2026-03-19,WH-NJ-01,ORD-00078,SKU-C330,additional_item_fee,3,0.65,1.95,TPL-000148
3PL-WH-NJ-01-20260319,2026-03-19,WH-NJ-01,ORD-00078,SKU-C330,packaging_fee,1,0.40,0.40,TPL-000149
3PL-WH-NJ-01-20260319,2026-03-19,WH-NJ-01,ORD-00079,SKU-G725,pick_fee,1,2.10,2.10,TPL-000150
3PL-WH-IL-01-20260320,2026-03-20,WH-IL-01,ORD-00080,SKU-G725,pick_fee,1,2.10,2.10,TPL-000151
3PL-WH-IL-01-20260320,2026-03-20,WH-IL-01,ORD-00080,SKU-G725,additional_item_fee,2,0.65,1.30,TPL-000152
3PL-WH-IL-01-20260320,2026-03-20,WH-IL-01,ORD-00080,SKU-G725,packaging_fee,1,0.40,0.40,TPL-000153
3PL-WH-NJ-01-20260320,2026-03-20,WH-NJ-01,ORD-00081,SKU-F640,pick_fee,1,2.10,2.10,TPL-000154
3PL-WH-NJ-01-20260320,2026-03-20,WH-NJ-01,ORD-00082,SKU-C330,pick_fee,1,2.10,2.10,TPL-000155
3PL-WH-IL-01-20260320,2026-03-20,WH-IL-01,ORD-00083,SKU-D410,pick_fee,1,2.10,2.10,TPL-000156
3PL-WH-IL-01-20260320,2026-03-20,WH-IL-01,ORD-00083,SKU-D410,additional_item_fee,3,0.65,1.95,TPL-000157
3PL-WH-NJ-01-20260320,2026-03-20,WH-NJ-01,ORD-00084,SKU-E515,pick_fee,1,2.10,2.10,TPL-000158
3PL-WH-NJ-01-20260320,2026-03-20,WH-NJ-01,ORD-00084,SKU-E515,additional_item_fee,1,0.65,0.65,TPL-000159
3PL-WH-IL-01-20260321,2026-03-21,WH-IL-01,ORD-00085,SKU-B210,pick_fee,1,2.10,2.10,TPL-000160
3PL-WH-IL-01-20260321,2026-03-21,WH-IL-01,ORD-00085,SKU-B210,additional_item_fee,1,0.65,0.65,TPL-000161
3PL-WH-IL-01-20260321,2026-03-21,WH-IL-01,ORD-00085,SKU-B210,packaging_fee,1,0.40,0.40,TPL-000162
3PL-WH-CA-01-20260321,2026-03-21,WH-CA-01,ORD-00086,SKU-F640,pick_fee,1,2.10,2.10,TPL-000163
3PL-WH-CA-01-20260321,2026-03-21,WH-CA-01,ORD-00087,SKU-B210,pick_fee,1,2.10,2.10,TPL-000164
3PL-WH-CA-01-20260321,2026-03-21,WH-CA-01,ORD-00087,SKU-B210,packaging_fee,1,0.40,0.40,TPL-000165
3PL-WH-CA-01-20260321,2026-03-21,WH-CA-01,ORD-00088,SKU-F640,pick_fee,1,2.10,2.10,TPL-000166
3PL-WH-CA-01-20260321,2026-03-21,WH-CA-01,ORD-00088,SKU-F640,additional_item_fee,1,0.65,0.65,TPL-000167
3PL-WH-CA-01-20260321,2026-03-21,WH-CA-01,ORD-00088,SKU-F640,packaging_fee,1,0.40,0.40,TPL-000168
3PL-WH-CA-01-20260321,2026-03-21,WH-CA-01,ORD-00089,SKU-B210,pick_fee,1,2.10,2.10,TPL-000169
3PL-WH-CA-01-20260321,2026-03-21,WH-CA-01,ORD-00089,SKU-B210,additional_item_fee,2,0.65,1.30,TPL-000170
3PL-WH-CA-01-20260321,2026-03-21,WH-CA-01,ORD-00089,SKU-B210,packaging_fee,1,0.40,0.40,TPL-000171
3PL-WH-CA-01-20260322,2026-03-22,WH-CA-01,ORD-00090,SKU-F640,pick_fee,1,2.10,2.10,TPL-000172
3PL-WH-CA-01-20260322,2026-03-22,WH-CA-01,ORD-00090,SKU-F640,additional_item_fee,1,0.65,0.65,TPL-000173
3PL-WH-NJ-01-20260322,2026-03-22,WH-NJ-01,ORD-00091,SKU-C330,pick_fee,1,2.10,2.10,TPL-000174
3PL-WH-NJ-01-20260322,2026-03-22,WH-NJ-01,ORD-00091,SKU-C330,additional_item_fee,1,0.65,0.65,TPL-000175
3PL-WH-NJ-01-20260322,2026-03-22,WH-NJ-01,ORD-00092,SKU-E515,pick_fee,1,2.10,2.10,TPL-000176
3PL-WH-NJ-01-20260322,2026-03-22,WH-NJ-01,ORD-00092,SKU-E515,additional_item_fee,1,0.65,0.65,TPL-000177
3PL-WH-NJ-01-20260322,2026-03-22,WH-NJ-01,ORD-00093,SKU-D410,pick_fee,1,2.10,2.10,TPL-000178
3PL-WH-NJ-01-20260322,2026-03-22,WH-NJ-01,ORD-00093,SKU-D410,packaging_fee,1,0.40,0.40,TPL-000179
3PL-WH-IL-01-20260323,2026-03-23,WH-IL-01,ORD-00094,SKU-A100,pick_fee,1,2.10,2.10,TPL-000180
3PL-WH-IL-01-20260323,2026-03-23,WH-IL-01,ORD-00094,SKU-A100,packaging_fee,1,0.40,0.40,TPL-000181
3PL-WH-CA-01-20260323,2026-03-23,WH-CA-01,ORD-00095,SKU-C330,pick_fee,1,2.10,2.10,TPL-000182
3PL-WH-NJ-01-20260323,2026-03-23,WH-NJ-01,ORD-00096,SKU-E515,pick_fee,1,2.10,2.10,TPL-000183
3PL-WH-NJ-01-20260323,2026-03-23,WH-NJ-01,ORD-00097,SKU-G725,pick_fee,1,2.85,2.85,TPL-000184
3PL-WH-NJ-01-20260323,2026-03-23,WH-NJ-01,ORD-00097,SKU-G725,packaging_fee,1,0.40,0.40,TPL-000185
3PL-WH-NJ-01-20260323,2026-03-23,WH-NJ-01,ORD-00098,SKU-C330,pick_fee,1,2.10,2.10,TPL-000186
3PL-WH-NJ-01-20260323,2026-03-23,WH-NJ-01,ORD-00098,SKU-C330,packaging_fee,1,0.40,0.40,TPL-000187
3PL-WH-IL-01-20260324,2026-03-24,WH-IL-01,ORD-00099,SKU-B210,pick_fee,1,2.10,2.10,TPL-000188
3PL-WH-NJ-01-20260324,2026-03-24,WH-NJ-01,ORD-00100,SKU-B210,pick_fee,1,2.10,2.10,TPL-000189
3PL-WH-IL-01-20260324,2026-03-24,WH-IL-01,ORD-00101,SKU-E515,pick_fee,1,2.10,2.10,TPL-000190
3PL-WH-IL-01-20260324,2026-03-24,WH-IL-01,ORD-00101,SKU-E515,additional_item_fee,1,0.65,0.65,TPL-000191
3PL-WH-NJ-01-20260324,2026-03-24,WH-NJ-01,ORD-00102,SKU-C330,pick_fee,1,2.10,2.10,TPL-000192
3PL-WH-CA-01-20260324,2026-03-24,WH-CA-01,ORD-00103,SKU-D410,pick_fee,1,2.10,2.10,TPL-000193
3PL-WH-IL-01-20260325,2026-03-25,WH-IL-01,ORD-00104,SKU-G725,pick_fee,1,2.10,2.10,TPL-000194
3PL-WH-IL-01-20260325,2026-03-25,WH-IL-01,ORD-00104,SKU-G725,additional_item_fee,1,0.65,0.65,TPL-000195
3PL-WH-IL-01-20260325,2026-03-25,WH-IL-01,ORD-00104,SKU-G725,packaging_fee,1,0.40,0.40,TPL-000196
3PL-WH-CA-01-20260325,2026-03-25,WH-CA-01,ORD-00105,SKU-C330,pick_fee,1,2.10,2.10,TPL-000197
3PL-WH-CA-01-20260325,2026-03-25,WH-CA-01,ORD-00106,SKU-G725,pick_fee,1,2.10,2.10,TPL-000198
3PL-WH-CA-01-20260325,2026-03-25,WH-CA-01,ORD-00106,SKU-G725,additional_item_fee,3,0.65,1.95,TPL-000199
3PL-WH-CA-01-20260325,2026-03-25,WH-CA-01,ORD-00106,SKU-G725,packaging_fee,1,0.40,0.40,TPL-000200
3PL-WH-CA-01-20260325,2026-03-25,WH-CA-01,ORD-00107,SKU-D410,pick_fee,1,2.10,2.10,TPL-000201
3PL-WH-CA-01-20260325,2026-03-25,WH-CA-01,ORD-00108,SKU-G725,pick_fee,1,2.10,2.10,TPL-000202
3PL-WH-CA-01-20260325,2026-03-25,WH-CA-01,ORD-00108,SKU-G725,additional_item_fee,2,0.65,1.30,TPL-000203
3PL-WH-CA-01-20260326,2026-03-26,WH-CA-01,ORD-00109,SKU-C330,pick_fee,1,2.10,2.10,TPL-000204
3PL-WH-CA-01-20260326,2026-03-26,WH-CA-01,ORD-00109,SKU-C330,additional_item_fee,3,0.65,1.95,TPL-000205
3PL-WH-CA-01-20260326,2026-03-26,WH-CA-01,ORD-00109,SKU-C330,packaging_fee,1,0.40,0.40,TPL-000206
3PL-WH-NJ-01-20260326,2026-03-26,WH-NJ-01,ORD-00110,SKU-A100,pick_fee,1,2.10,2.10,TPL-000207
3PL-WH-IL-01-20260326,2026-03-26,WH-IL-01,ORD-00111,SKU-A100,pick_fee,1,2.10,2.10,TPL-000208
3PL-WH-IL-01-20260326,2026-03-26,WH-IL-01,ORD-00112,SKU-B210,pick_fee,1,2.10,2.10,TPL-000209
3PL-WH-IL-01-20260326,2026-03-26,WH-IL-01,ORD-00112,SKU-B210,additional_item_fee,1,0.65,0.65,TPL-000210
3PL-WH-IL-01-20260326,2026-03-26,WH-IL-01,ORD-00112,SKU-B210,packaging_fee,1,0.40,0.40,TPL-000211
3PL-WH-CA-01-20260327,2026-03-27,WH-CA-01,ORD-00113,SKU-D410,pick_fee,1,2.10,2.10,TPL-000212
3PL-WH-IL-01-20260327,2026-03-27,WH-IL-01,ORD-00114,SKU-E515,pick_fee,1,2.10,2.10,TPL-000213
3PL-WH-IL-01-20260327,2026-03-27,WH-IL-01,ORD-00114,SKU-E515,additional_item_fee,1,0.65,0.65,TPL-000214
3PL-WH-IL-01-20260327,2026-03-27,WH-IL-01,ORD-00114,SKU-E515,packaging_fee,1,0.40,0.40,TPL-000215
3PL-WH-IL-01-20260327,2026-03-27,WH-IL-01,ORD-00115,SKU-A100,pick_fee,1,2.10,2.10,TPL-000216
3PL-WH-IL-01-20260327,2026-03-27,WH-IL-01,ORD-00116,SKU-G725,pick_fee,1,2.10,2.10,TPL-000217
3PL-WH-IL-01-20260327,2026-03-27,WH-IL-01,ORD-00116,SKU-G725,additional_item_fee,2,0.65,1.30,TPL-000218
3PL-WH-IL-01-20260327,2026-03-27,WH-IL-01,ORD-00117,SKU-F640,pick_fee,1,2.10,2.10,TPL-000219
3PL-WH-IL-01-20260327,2026-03-27,WH-IL-01,ORD-00118,SKU-F640,pick_fee,1,2.10,2.10,TPL-000220
3PL-WH-IL-01-20260328,2026-03-28,WH-IL-01,ORD-00119,SKU-C330,pick_fee,1,2.10,2.10,TPL-000221
3PL-WH-CA-01-20260328,2026-03-28,WH-CA-01,ORD-00120,SKU-A100,pick_fee,1,2.10,2.10,TPL-000222
3PL-WH-CA-01-20260328,2026-03-28,WH-CA-01,ORD-00120,SKU-A100,additional_item_fee,2,0.65,1.30,TPL-000223
3PL-WH-CA-01-20260328,2026-03-28,WH-CA-01,ORD-00120,SKU-A100,packaging_fee,1,0.40,0.40,TPL-000224
3PL-WH-CA-01-20260328,2026-03-28,WH-CA-01,ORD-00121,SKU-E515,pick_fee,1,2.10,2.10,TPL-000225
3PL-WH-NJ-01-20260328,2026-03-28,WH-NJ-01,ORD-00122,SKU-D410,pick_fee,1,2.10,2.10,TPL-000226
3PL-WH-NJ-01-20260328,2026-03-28,WH-NJ-01,ORD-00122,SKU-D410,packaging_fee,1,0.40,0.40,TPL-000227
3PL-WH-CA-01-20260328,2026-03-28,WH-CA-01,ORD-00123,SKU-E515,pick_fee,1,2.10,2.10,TPL-000228
3PL-WH-CA-01-20260328,2026-03-28,WH-CA-01,ORD-00123,SKU-E515,additional_item_fee,1,0.65,0.65,TPL-000229
3PL-WH-CA-01-20260329,2026-03-29,WH-CA-01,ORD-00124,SKU-B210,pick_fee,1,2.10,2.10,TPL-000230
3PL-WH-CA-01-20260329,2026-03-29,WH-CA-01,ORD-00124,SKU-B210,additional_item_fee,3,0.65,1.95,TPL-000231
3PL-WH-CA-01-20260329,2026-03-29,WH-CA-01,ORD-00125,SKU-A100,pick_fee,1,2.10,2.10,TPL-000232
3PL-WH-CA-01-20260329,2026-03-29,WH-CA-01,ORD-00126,SKU-D410,pick_fee,1,2.10,2.10,TPL-000233
3PL-WH-NJ-01-20260329,2026-03-29,WH-NJ-01,ORD-00127,SKU-C330,pick_fee,1,2.10,2.10,TPL-000234
3PL-WH-NJ-01-20260329,2026-03-29,WH-NJ-01,ORD-00127,SKU-C330,packaging_fee,1,0.40,0.40,TPL-000235
3PL-WH-NJ-01-20260330,2026-03-30,WH-NJ-01,ORD-00128,SKU-E515,pick_fee,1,2.10,2.10,TPL-000236
3PL-WH-NJ-01-20260330,2026-03-30,WH-NJ-01,ORD-00128,SKU-E515,additional_item_fee,3,0.65,1.95,TPL-000237
3PL-WH-NJ-01-20260330,2026-03-30,WH-NJ-01,ORD-00128,SKU-E515,packaging_fee,1,0.40,0.40,TPL-000238
3PL-WH-NJ-01-20260330,2026-03-30,WH-NJ-01,ORD-00129,SKU-A100,pick_fee,1,2.10,2.10,TPL-000239
3PL-WH-NJ-01-20260330,2026-03-30,WH-NJ-01,ORD-00130,SKU-E515,pick_fee,1,2.10,2.10,TPL-000240
3PL-WH-NJ-01-20260330,2026-03-30,WH-NJ-01,ORD-00130,SKU-E515,additional_item_fee,1,0.65,0.65,TPL-000241
3PL-WH-NJ-01-20260330,2026-03-30,WH-NJ-01,ORD-00131,SKU-G725,pick_fee,1,2.10,2.10,TPL-000242
3PL-WH-CA-01-20260330,2026-03-30,WH-CA-01,ORD-00132,SKU-G725,pick_fee,1,2.10,2.10,TPL-000243
3PL-WH-CA-01-20260330,2026-03-30,WH-CA-01,ORD-00132,SKU-G725,packaging_fee,1,0.40,0.40,TPL-000244
3PL-WH-NJ-01-20260331,2026-03-31,WH-NJ-01,ORD-00133,SKU-A100,pick_fee,1,2.10,2.10,TPL-000245
3PL-WH-NJ-01-20260331,2026-03-31,WH-NJ-01,ORD-00134,SKU-F640,pick_fee,1,2.10,2.10,TPL-000246
3PL-WH-IL-01-20260331,2026-03-31,WH-IL-01,ORD-00135,SKU-G725,pick_fee,1,2.10,2.10,TPL-000247
3PL-WH-IL-01-20260331,2026-03-31,WH-IL-01,ORD-00135,SKU-G725,packaging_fee,1,0.40,0.40,TPL-000248
3PL-WH-IL-01-20260331,2026-03-31,WH-IL-01,ORD-00136,SKU-A100,pick_fee,1,2.10,2.10,TPL-000249
3PL-WH-IL-01-20260331,2026-03-31,WH-IL-01,ORD-00136,SKU-A100,additional_item_fee,2,0.65,1.30,TPL-000250
3PL-WH-IL-01-20260331,2026-03-31,WH-IL-01,ORD-00136,SKU-A100,packaging_fee,1,0.40,0.40,TPL-000251
3PL-WH-IL-01-20260331,2026-03-31,WH-IL-01,ORD-00137,SKU-G725,pick_fee,1,2.10,2.10,TPL-000252
3PL-WH-IL-01-20260331,2026-03-31,WH-IL-01,ORD-00137,SKU-G725,additional_item_fee,2,0.65,1.30,TPL-000253
3PL-WH-NJ-01-20260401,2026-04-01,WH-NJ-01,ORD-00138,SKU-D410,pick_fee,1,2.10,2.10,TPL-000254
3PL-WH-NJ-01-20260401,2026-04-01,WH-NJ-01,ORD-00138,SKU-D410,additional_item_fee,1,0.65,0.65,TPL-000255
3PL-WH-IL-01-20260401,2026-04-01,WH-IL-01,ORD-00139,SKU-A100,pick_fee,1,2.10,2.10,TPL-000256
3PL-WH-IL-01-20260401,2026-04-01,WH-IL-01,ORD-00139,SKU-A100,additional_item_fee,1,0.65,0.65,TPL-000257
3PL-WH-IL-01-20260401,2026-04-01,WH-IL-01,ORD-00140,SKU-C330,pick_fee,1,2.10,2.10,TPL-000258
3PL-WH-IL-01-20260401,2026-04-01,WH-IL-01,ORD-00140,SKU-C330,additional_item_fee,2,0.65,1.30,TPL-000259
3PL-WH-CA-01-20260401,2026-04-01,WH-CA-01,ORD-00141,SKU-F640,pick_fee,1,2.10,2.10,TPL-000260
3PL-WH-CA-01-20260401,2026-04-01,WH-CA-01,ORD-00141,SKU-F640,additional_item_fee,1,0.65,0.65,TPL-000261
3PL-WH-CA-01-20260401,2026-04-01,WH-CA-01,ORD-00141,SKU-F640,packaging_fee,1,0.40,0.40,TPL-000262
3PL-WH-IL-01-20260401,2026-04-01,WH-IL-01,ORD-00142,SKU-E515,pick_fee,1,2.10,2.10,TPL-000263
3PL-WH-IL-01-20260401,2026-04-01,WH-IL-01,ORD-00142,SKU-E515,additional_item_fee,3,0.65,1.95,TPL-000264
3PL-WH-IL-01-20260401,2026-04-01,WH-IL-01,ORD-00142,SKU-E515,packaging_fee,1,0.40,0.40,TPL-000265
3PL-WH-CA-01-20260402,2026-04-02,WH-CA-01,ORD-00143,SKU-B210,pick_fee,1,2.10,2.10,TPL-000266
3PL-WH-CA-01-20260402,2026-04-02,WH-CA-01,ORD-00143,SKU-B210,packaging_fee,1,0.40,0.40,TPL-000267
3PL-WH-CA-01-20260402,2026-04-02,WH-CA-01,ORD-00144,SKU-B210,pick_fee,1,2.10,2.10,TPL-000268
3PL-WH-CA-01-20260402,2026-04-02,WH-CA-01,ORD-00144,SKU-B210,packaging_fee,1,0.40,0.40,TPL-000269
3PL-WH-NJ-01-20260402,2026-04-02,WH-NJ-01,ORD-00145,SKU-F640,pick_fee,1,2.10,2.10,TPL-000270
3PL-WH-NJ-01-20260402,2026-04-02,WH-NJ-01,ORD-00145,SKU-F640,additional_item_fee,1,0.65,0.65,TPL-000271
3PL-WH-NJ-01-20260402,2026-04-02,WH-NJ-01,ORD-00145,SKU-F640,packaging_fee,1,0.40,0.40,TPL-000272
3PL-WH-IL-01-20260402,2026-04-02,WH-IL-01,ORD-00146,SKU-E515,pick_fee,1,2.10,2.10,TPL-000273
3PL-WH-IL-01-20260402,2026-04-02,WH-IL-01,ORD-00146,SKU-E515,additional_item_fee,1,0.65,0.65,TPL-000274
3PL-WH-IL-01-20260402,2026-04-02,WH-IL-01,ORD-00146,SKU-E515,packaging_fee,1,0.40,0.40,TPL-000275
3PL-WH-NJ-01-20260403,2026-04-03,WH-NJ-01,ORD-00147,SKU-B210,pick_fee,1,2.10,2.10,TPL-000276
3PL-WH-IL-01-20260403,2026-04-03,WH-IL-01,ORD-00148,SKU-F640,pick_fee,1,2.10,2.10,TPL-000277
3PL-WH-IL-01-20260403,2026-04-03,WH-IL-01,ORD-00148,SKU-F640,packaging_fee,1,0.40,0.40,TPL-000278
3PL-WH-IL-01-20260403,2026-04-03,WH-IL-01,ORD-00149,SKU-E515,pick_fee,1,2.10,2.10,TPL-000279
3PL-WH-IL-01-20260403,2026-04-03,WH-IL-01,ORD-00150,SKU-C330,pick_fee,1,2.10,2.10,TPL-000280
3PL-WH-IL-01-20260403,2026-04-03,WH-IL-01,ORD-00150,SKU-C330,packaging_fee,1,0.40,0.40,TPL-000281
3PL-WH-IL-01-20260403,2026-04-03,WH-IL-01,ORD-00151,SKU-C330,pick_fee,1,2.10,2.10,TPL-000282
3PL-WH-IL-01-20260403,2026-04-03,WH-IL-01,ORD-00151,SKU-C330,additional_item_fee,3,0.65,1.95,TPL-000283
3PL-WH-IL-01-20260403,2026-04-03,WH-IL-01,ORD-00151,SKU-C330,packaging_fee,1,0.40,0.40,TPL-000284
3PL-WH-CA-01-20260404,2026-04-04,WH-CA-01,ORD-00152,SKU-B210,pick_fee,1,2.10,2.10,TPL-000285
3PL-WH-IL-01-20260404,2026-04-04,WH-IL-01,ORD-00153,SKU-C330,pick_fee,1,2.10,2.10,TPL-000286
3PL-WH-IL-01-20260404,2026-04-04,WH-IL-01,ORD-00153,SKU-C330,additional_item_fee,1,0.65,0.65,TPL-000287
3PL-WH-IL-01-20260404,2026-04-04,WH-IL-01,ORD-00153,SKU-C330,packaging_fee,1,0.40,0.40,TPL-000288
3PL-WH-IL-01-20260404,2026-04-04,WH-IL-01,ORD-00154,SKU-A100,pick_fee,1,2.10,2.10,TPL-000289
3PL-WH-IL-01-20260404,2026-04-04,WH-IL-01,ORD-00154,SKU-A100,additional_item_fee,2,0.65,1.30,TPL-000290
3PL-WH-IL-01-20260404,2026-04-04,WH-IL-01,ORD-00155,SKU-G725,pick_fee,1,2.85,2.85,TPL-000291
3PL-WH-IL-01-20260404,2026-04-04,WH-IL-01,ORD-00155,SKU-G725,additional_item_fee,3,0.65,1.95,TPL-000292
3PL-WH-NJ-01-20260404,2026-04-04,WH-NJ-01,ORD-00156,SKU-A100,pick_fee,1,2.10,2.10,TPL-000293
3PL-WH-NJ-01-20260404,2026-04-04,WH-NJ-01,ORD-00156,SKU-A100,additional_item_fee,3,0.65,1.95,TPL-000294
3PL-WH-NJ-01-20260404,2026-04-04,WH-NJ-01,ORD-00156,SKU-A100,packaging_fee,1,0.40,0.40,TPL-000295
3PL-WH-IL-01-20260405,2026-04-05,WH-IL-01,ORD-00157,SKU-G725,pick_fee,1,2.10,2.10,TPL-000296
3PL-WH-IL-01-20260405,2026-04-05,WH-IL-01,ORD-00157,SKU-G725,additional_item_fee,2,0.65,1.30,TPL-000297
3PL-WH-CA-01-20260405,2026-04-05,WH-CA-01,ORD-00158,SKU-C330,pick_fee,1,2.10,2.10,TPL-000298
3PL-WH-CA-01-20260405,2026-04-05,WH-CA-01,ORD-00158,SKU-C330,additional_item_fee,2,0.65,1.30,TPL-000299
3PL-WH-IL-01-20260405,2026-04-05,WH-IL-01,ORD-00159,SKU-B210,pick_fee,1,2.10,2.10,TPL-000300
3PL-WH-IL-01-20260405,2026-04-05,WH-IL-01,ORD-00159,SKU-B210,additional_item_fee,1,0.65,0.65,TPL-000301
3PL-WH-IL-01-20260405,2026-04-05,WH-IL-01,ORD-00159,SKU-B210,packaging_fee,1,0.40,0.40,TPL-000302
3PL-WH-CA-01-20260405,2026-04-05,WH-CA-01,ORD-00160,SKU-G725,pick_fee,1,2.10,2.10,TPL-000303
3PL-WH-NJ-01-20260405,2026-04-05,WH-NJ-01,ORD-00161,SKU-B210,pick_fee,1,2.10,2.10,TPL-000304
3PL-WH-NJ-01-20260405,2026-04-05,WH-NJ-01,ORD-00161,SKU-B210,additional_item_fee,3,0.65,1.95,TPL-000305
3PL-WH-IL-01-20260406,2026-04-06,WH-IL-01,ORD-00162,SKU-E515,pick_fee,1,2.10,2.10,TPL-000306
3PL-WH-NJ-01-20260406,2026-04-06,WH-NJ-01,ORD-00163,SKU-G725,pick_fee,1,2.10,2.10,TPL-000307
3PL-WH-NJ-01-20260406,2026-04-06,WH-NJ-01,ORD-00164,SKU-F640,pick_fee,1,2.10,2.10,TPL-000308
3PL-WH-NJ-01-20260406,2026-04-06,WH-NJ-01,ORD-00164,SKU-F640,additional_item_fee,1,0.65,0.65,TPL-000309
3PL-WH-IL-01-20260406,2026-04-06,WH-IL-01,ORD-00165,SKU-A100,pick_fee,1,2.10,2.10,TPL-000310
3PL-WH-IL-01-20260406,2026-04-06,WH-IL-01,ORD-00165,SKU-A100,additional_item_fee,1,0.65,0.65,TPL-000311
3PL-WH-CA-01-20260407,2026-04-07,WH-CA-01,ORD-00166,SKU-A100,pick_fee,1,2.10,2.10,TPL-000312
3PL-WH-CA-01-20260407,2026-04-07,WH-CA-01,ORD-00166,SKU-A100,additional_item_fee,3,0.65,1.95,TPL-000313
3PL-WH-NJ-01-20260407,2026-04-07,WH-NJ-01,ORD-00167,SKU-A100,pick_fee,1,2.10,2.10,TPL-000314
3PL-WH-IL-01-20260407,2026-04-07,WH-IL-01,ORD-00168,SKU-B210,pick_fee,1,2.10,2.10,TPL-000315
3PL-WH-IL-01-20260407,2026-04-07,WH-IL-01,ORD-00168,SKU-B210,packaging_fee,1,0.40,0.40,TPL-000316
3PL-WH-CA-01-20260407,2026-04-07,WH-CA-01,ORD-00169,SKU-A100,pick_fee,1,2.10,2.10,TPL-000317
3PL-WH-CA-01-20260407,2026-04-07,WH-CA-01,ORD-00170,SKU-G725,pick_fee,1,2.10,2.10,TPL-000318
3PL-WH-CA-01-20260407,2026-04-07,WH-CA-01,ORD-00170,SKU-G725,packaging_fee,1,0.40,0.40,TPL-000319
3PL-WH-CA-01-20260408,2026-04-08,WH-CA-01,ORD-00171,SKU-D410,pick_fee,1,2.10,2.10,TPL-000320
3PL-WH-CA-01-20260408,2026-04-08,WH-CA-01,ORD-00171,SKU-D410,additional_item_fee,2,0.65,1.30,TPL-000321
3PL-WH-CA-01-20260408,2026-04-08,WH-CA-01,ORD-00171,SKU-D410,packaging_fee,1,0.40,0.40,TPL-000322
3PL-WH-IL-01-20260408,2026-04-08,WH-IL-01,ORD-00172,SKU-A100,pick_fee,1,2.10,2.10,TPL-000323
3PL-WH-IL-01-20260408,2026-04-08,WH-IL-01,ORD-00173,SKU-D410,pick_fee,1,2.10,2.10,TPL-000324
3PL-WH-IL-01-20260408,2026-04-08,WH-IL-01,ORD-00173,SKU-D410,additional_item_fee,2,0.65,1.30,TPL-000325
3PL-WH-IL-01-20260408,2026-04-08,WH-IL-01,ORD-00173,SKU-D410,packaging_fee,1,0.40,0.40,TPL-000326
3PL-WH-CA-01-20260408,2026-04-08,WH-CA-01,ORD-00174,SKU-E515,pick_fee,1,2.10,2.10,TPL-000327
3PL-WH-CA-01-20260408,2026-04-08,WH-CA-01,ORD-00175,SKU-B210,pick_fee,1,2.10,2.10,TPL-000328
3PL-WH-CA-01-20260408,2026-04-08,WH-CA-01,ORD-00175,SKU-B210,additional_item_fee,1,0.65,0.65,TPL-000329
3PL-WH-IL-01-20260409,2026-04-09,WH-IL-01,ORD-00176,SKU-E515,pick_fee,1,2.10,2.10,TPL-000330
3PL-WH-IL-01-20260409,2026-04-09,WH-IL-01,ORD-00176,SKU-E515,additional_item_fee,2,0.65,1.30,TPL-000331
3PL-WH-IL-01-20260409,2026-04-09,WH-IL-01,ORD-00176,SKU-E515,packaging_fee,1,0.40,0.40,TPL-000332
3PL-WH-CA-01-20260409,2026-04-09,WH-CA-01,ORD-00177,SKU-F640,pick_fee,1,2.10,2.10,TPL-000333
3PL-WH-CA-01-20260409,2026-04-09,WH-CA-01,ORD-00178,SKU-D410,pick_fee,1,2.10,2.10,TPL-000334
3PL-WH-CA-01-20260409,2026-04-09,WH-CA-01,ORD-00178,SKU-D410,packaging_fee,1,0.40,0.40,TPL-000335
3PL-WH-CA-01-20260409,2026-04-09,WH-CA-01,ORD-00179,SKU-C330,pick_fee,1,2.10,2.10,TPL-000336
3PL-WH-CA-01-20260409,2026-04-09,WH-CA-01,ORD-00179,SKU-C330,packaging_fee,1,0.40,0.40,TPL-000337
3PL-WH-CA-01-20260409,2026-04-09,WH-CA-01,ORD-00180,SKU-A100,pick_fee,1,2.10,2.10,TPL-000338
3PL-WH-CA-01-20260409,2026-04-09,WH-CA-01,ORD-00180,SKU-A100,additional_item_fee,3,0.65,1.95,TPL-000339
3PL-WH-NJ-01-20260410,2026-04-10,WH-NJ-01,ORD-00181,SKU-G725,pick_fee,1,2.10,2.10,TPL-000340
3PL-WH-NJ-01-20260410,2026-04-10,WH-NJ-01,ORD-00181,SKU-G725,packaging_fee,1,0.40,0.40,TPL-000341
3PL-WH-NJ-01-20260410,2026-04-10,WH-NJ-01,ORD-00182,SKU-A100,pick_fee,1,2.10,2.10,TPL-000342
3PL-WH-NJ-01-20260410,2026-04-10,WH-NJ-01,ORD-00183,SKU-D410,pick_fee,1,2.10,2.10,TPL-000343
3PL-WH-NJ-01-20260410,2026-04-10,WH-NJ-01,ORD-00183,SKU-D410,packaging_fee,1,0.40,0.40,TPL-000344
3PL-WH-CA-01-20260410,2026-04-10,WH-CA-01,ORD-00184,SKU-E515,pick_fee,1,2.10,2.10,TPL-000345
3PL-WH-CA-01-20260410,2026-04-10,WH-CA-01,ORD-00184,SKU-E515,packaging_fee,1,0.40,0.40,TPL-000346
3PL-WH-IL-01-20260410,2026-04-10,WH-IL-01,ORD-00185,SKU-D410,pick_fee,1,2.10,2.10,TPL-000347
3PL-WH-NJ-01-20260411,2026-04-11,WH-NJ-01,ORD-00186,SKU-D410,pick_fee,1,2.10,2.10,TPL-000348
3PL-WH-NJ-01-20260411,2026-04-11,WH-NJ-01,ORD-00186,SKU-D410,additional_item_fee,1,0.65,0.65,TPL-000349
3PL-WH-IL-01-20260411,2026-04-11,WH-IL-01,ORD-00187,SKU-G725,pick_fee,1,2.10,2.10,TPL-000350
3PL-WH-IL-01-20260411,2026-04-11,WH-IL-01,ORD-00187,SKU-G725,packaging_fee,1,0.40,0.40,TPL-000351
3PL-WH-IL-01-20260411,2026-04-11,WH-IL-01,ORD-00188,SKU-E515,pick_fee,1,2.10,2.10,TPL-000352
3PL-WH-IL-01-20260411,2026-04-11,WH-IL-01,ORD-00189,SKU-F640,pick_fee,1,2.10,2.10,TPL-000353
3PL-WH-IL-01-20260411,2026-04-11,WH-IL-01,ORD-00189,SKU-F640,additional_item_fee,1,0.65,0.65,TPL-000354
3PL-WH-IL-01-20260412,2026-04-12,WH-IL-01,ORD-00190,SKU-A100,pick_fee,1,2.10,2.10,TPL-000355
3PL-WH-IL-01-20260412,2026-04-12,WH-IL-01,ORD-00190,SKU-A100,additional_item_fee,2,0.65,1.30,TPL-000356
3PL-WH-IL-01-20260412,2026-04-12,WH-IL-01,ORD-00191,SKU-D410,pick_fee,1,2.10,2.10,TPL-000357
3PL-WH-IL-01-20260412,2026-04-12,WH-IL-01,ORD-00191,SKU-D410,packaging_fee,1,0.40,0.40,TPL-000358
3PL-WH-CA-01-20260412,2026-04-12,WH-CA-01,ORD-00192,SKU-C330,pick_fee,1,2.10,2.10,TPL-000359
3PL-WH-CA-01-20260412,2026-04-12,WH-CA-01,ORD-00192,SKU-C330,additional_item_fee,1,0.65,0.65,TPL-000360
3PL-WH-NJ-01-20260412,2026-04-12,WH-NJ-01,ORD-00193,SKU-B210,pick_fee,1,2.10,2.10,TPL-000361
3PL-WH-NJ-01-20260412,2026-04-12,WH-NJ-01,ORD-00193,SKU-B210,additional_item_fee,1,0.65,0.65,TPL-000362
3PL-WH-NJ-01-20260412,2026-04-12,WH-NJ-01,ORD-00193,SKU-B210,packaging_fee,1,0.40,0.40,TPL-000363
3PL-WH-IL-01-20260412,2026-04-12,WH-IL-01,ORD-00194,SKU-F640,pick_fee,1,2.10,2.10,TPL-000364
3PL-WH-CA-01-20260413,2026-04-13,WH-CA-01,ORD-00195,SKU-E515,pick_fee,1,2.10,2.10,TPL-000365
3PL-WH-CA-01-20260413,2026-04-13,WH-CA-01,ORD-00195,SKU-E515,additional_item_fee,1,0.65,0.65,TPL-000366
3PL-WH-CA-01-20260413,2026-04-13,WH-CA-01,ORD-00195,SKU-E515,packaging_fee,1,0.40,0.40,TPL-000367
3PL-WH-CA-01-20260413,2026-04-13,WH-CA-01,ORD-00196,SKU-B210,pick_fee,1,2.10,2.10,TPL-000368
3PL-WH-CA-01-20260413,2026-04-13,WH-CA-01,ORD-00196,SKU-B210,additional_item_fee,2,0.65,1.30,TPL-000369
3PL-WH-CA-01-20260413,2026-04-13,WH-CA-01,ORD-00196,SKU-B210,packaging_fee,1,0.40,0.40,TPL-000370
3PL-WH-CA-01-20260413,2026-04-13,WH-CA-01,ORD-00197,SKU-G725,pick_fee,1,2.10,2.10,TPL-000371
3PL-WH-CA-01-20260413,2026-04-13,WH-CA-01,ORD-00198,SKU-F640,pick_fee,1,2.10,2.10,TPL-000372
3PL-WH-CA-01-20260413,2026-04-13,WH-CA-01,ORD-00198,SKU-F640,additional_item_fee,3,0.65,1.95,TPL-000373
3PL-WH-NJ-01-20260413,2026-04-13,WH-NJ-01,ORD-00199,SKU-E515,pick_fee,1,2.10,2.10,TPL-000374
3PL-WH-NJ-01-20260413,2026-04-13,WH-NJ-01,ORD-00199,SKU-E515,additional_item_fee,1,0.65,0.65,TPL-000375
3PL-WH-NJ-01-20260413,2026-04-13,WH-NJ-01,ORD-00199,SKU-E515,packaging_fee,1,0.40,0.40,TPL-000376
3PL-WH-IL-01-20260414,2026-04-14,WH-IL-01,ORD-00200,SKU-F640,pick_fee,1,2.10,2.10,TPL-000377
3PL-WH-IL-01-20260414,2026-04-14,WH-IL-01,ORD-00200,SKU-F640,additional_item_fee,2,0.65,1.30,TPL-000378
3PL-WH-IL-01-20260414,2026-04-14,WH-IL-01,ORD-00200,SKU-F640,packaging_fee,1,0.40,0.40,TPL-000379
3PL-WH-NJ-01-20260414,2026-04-14,WH-NJ-01,ORD-00201,SKU-F640,pick_fee,1,2.10,2.10,TPL-000380
3PL-WH-IL-01-20260414,2026-04-14,WH-IL-01,ORD-00202,SKU-G725,pick_fee,1,2.10,2.10,TPL-000381
3PL-WH-NJ-01-20260414,2026-04-14,WH-NJ-01,ORD-00203,SKU-E515,pick_fee,1,2.10,2.10,TPL-000382
3PL-WH-IL-01-20260414,2026-04-14,WH-IL-01,ORD-00204,SKU-D410,pick_fee,1,2.10,2.10,TPL-000383
3PL-WH-IL-01-20260414,2026-04-14,WH-IL-01,ORD-00204,SKU-D410,additional_item_fee,2,0.65,1.30,TPL-000384
3PL-WH-IL-01-20260414,2026-04-14,WH-IL-01,ORD-00204,SKU-D410,packaging_fee,1,0.40,0.40,TPL-000385
3PL-WH-IL-01-20260415,2026-04-15,WH-IL-01,ORD-00205,SKU-B210,pick_fee,1,2.10,2.10,TPL-000386
3PL-WH-IL-01-20260415,2026-04-15,WH-IL-01,ORD-00205,SKU-B210,additional_item_fee,3,0.65,1.95,TPL-000387
3PL-WH-IL-01-20260415,2026-04-15,WH-IL-01,ORD-00205,SKU-B210,packaging_fee,1,0.40,0.40,TPL-000388
3PL-WH-IL-01-20260415,2026-04-15,WH-IL-01,ORD-00206,SKU-E515,pick_fee,1,2.10,2.10,TPL-000389
3PL-WH-IL-01-20260415,2026-04-15,WH-IL-01,ORD-00206,SKU-E515,additional_item_fee,1,0.65,0.65,TPL-000390
3PL-WH-IL-01-20260415,2026-04-15,WH-IL-01,ORD-00206,SKU-E515,packaging_fee,1,0.40,0.40,TPL-000391
3PL-WH-IL-01-20260415,2026-04-15,WH-IL-01,ORD-00207,SKU-B210,pick_fee,1,2.10,2.10,TPL-000392
3PL-WH-IL-01-20260415,2026-04-15,WH-IL-01,ORD-00207,SKU-B210,additional_item_fee,3,0.65,1.95,TPL-000393
3PL-WH-IL-01-20260415,2026-04-15,WH-IL-01,ORD-00208,SKU-A100,pick_fee,1,2.10,2.10,TPL-000394
3PL-WH-IL-01-20260415,2026-04-15,WH-IL-01,ORD-00209,SKU-C330,pick_fee,1,2.10,2.10,TPL-000395
3PL-WH-IL-01-20260415,2026-04-15,WH-IL-01,ORD-00209,SKU-C330,packaging_fee,1,0.40,0.40,TPL-000396
3PL-WH-CA-01-20260416,2026-04-16,WH-CA-01,ORD-00210,SKU-C330,pick_fee,1,2.10,2.10,TPL-000397
3PL-WH-CA-01-20260416,2026-04-16,WH-CA-01,ORD-00210,SKU-C330,additional_item_fee,1,0.65,0.65,TPL-000398
3PL-WH-CA-01-20260416,2026-04-16,WH-CA-01,ORD-00210,SKU-C330,packaging_fee,1,0.40,0.40,TPL-000399
3PL-WH-CA-01-20260416,2026-04-16,WH-CA-01,ORD-00211,SKU-F640,pick_fee,1,2.10,2.10,TPL-000400
3PL-WH-CA-01-20260416,2026-04-16,WH-CA-01,ORD-00212,SKU-C330,pick_fee,1,2.10,2.10,TPL-000401
3PL-WH-CA-01-20260416,2026-04-16,WH-CA-01,ORD-00212,SKU-C330,additional_item_fee,1,0.65,0.65,TPL-000402
3PL-WH-CA-01-20260416,2026-04-16,WH-CA-01,ORD-00213,SKU-A100,pick_fee,1,2.10,2.10,TPL-000403
3PL-WH-CA-01-20260416,2026-04-16,WH-CA-01,ORD-00213,SKU-A100,packaging_fee,1,0.40,0.40,TPL-000404
3PL-WH-CA-01-20260416,2026-04-16,WH-CA-01,ORD-00214,SKU-G725,pick_fee,1,2.10,2.10,TPL-000405
3PL-WH-CA-01-20260417,2026-04-17,WH-CA-01,ORD-00215,SKU-A100,pick_fee,1,2.10,2.10,TPL-000406
3PL-WH-CA-01-20260417,2026-04-17,WH-CA-01,ORD-00215,SKU-A100,additional_item_fee,1,0.65,0.65,TPL-000407
3PL-WH-IL-01-20260417,2026-04-17,WH-IL-01,ORD-00216,SKU-G725,pick_fee,1,2.10,2.10,TPL-000408
3PL-WH-IL-01-20260417,2026-04-17,WH-IL-01,ORD-00216,SKU-G725,additional_item_fee,2,0.65,1.30,TPL-000409
3PL-WH-IL-01-20260417,2026-04-17,WH-IL-01,ORD-00216,SKU-G725,packaging_fee,1,0.40,0.40,TPL-000410
3PL-WH-NJ-01-20260417,2026-04-17,WH-NJ-01,ORD-00217,SKU-B210,pick_fee,1,2.10,2.10,TPL-000411
3PL-WH-NJ-01-20260417,2026-04-17,WH-NJ-01,ORD-00217,SKU-B210,packaging_fee,1,0.40,0.40,TPL-000412
3PL-WH-NJ-01-20260417,2026-04-17,WH-NJ-01,ORD-00218,SKU-F640,pick_fee,1,2.10,2.10,TPL-000413
3PL-WH-NJ-01-20260417,2026-04-17,WH-NJ-01,ORD-00218,SKU-F640,additional_item_fee,1,0.65,0.65,TPL-000414
3PL-WH-NJ-01-20260417,2026-04-17,WH-NJ-01,ORD-00219,SKU-G725,pick_fee,1,2.10,2.10,TPL-000415
3PL-WH-NJ-01-20260417,2026-04-17,WH-NJ-01,ORD-00219,SKU-G725,packaging_fee,1,0.40,0.40,TPL-000416
3PL-WH-CA-01-20260418,2026-04-18,WH-CA-01,ORD-00220,SKU-D410,pick_fee,1,2.10,2.10,TPL-000417
3PL-WH-CA-01-20260418,2026-04-18,WH-CA-01,ORD-00220,SKU-D410,additional_item_fee,2,0.65,1.30,TPL-000418
3PL-WH-CA-01-20260418,2026-04-18,WH-CA-01,ORD-00220,SKU-D410,packaging_fee,1,0.40,0.40,TPL-000419
3PL-WH-IL-01-20260418,2026-04-18,WH-IL-01,ORD-00221,SKU-A100,pick_fee,1,2.10,2.10,TPL-000420
3PL-WH-NJ-01-20260418,2026-04-18,WH-NJ-01,ORD-00222,SKU-A100,pick_fee,1,2.10,2.10,TPL-000421
3PL-WH-NJ-01-20260418,2026-04-18,WH-NJ-01,ORD-00222,SKU-A100,additional_item_fee,1,0.65,0.65,TPL-000422
3PL-WH-NJ-01-20260418,2026-04-18,WH-NJ-01,ORD-00223,SKU-D410,pick_fee,1,2.10,2.10,TPL-000423
3PL-WH-NJ-01-20260419,2026-04-19,WH-NJ-01,ORD-00224,SKU-B210,pick_fee,1,2.10,2.10,TPL-000424
3PL-WH-NJ-01-20260419,2026-04-19,WH-NJ-01,ORD-00224,SKU-B210,additional_item_fee,2,0.65,1.30,TPL-000425
3PL-WH-IL-01-20260419,2026-04-19,WH-IL-01,ORD-00225,SKU-F640,pick_fee,1,2.10,2.10,TPL-000426
3PL-WH-IL-01-20260419,2026-04-19,WH-IL-01,ORD-00225,SKU-F640,additional_item_fee,3,0.65,1.95,TPL-000427
3PL-WH-NJ-01-20260419,2026-04-19,WH-NJ-01,ORD-00226,SKU-F640,pick_fee,1,2.10,2.10,TPL-000428
3PL-WH-IL-01-20260419,2026-04-19,WH-IL-01,ORD-00227,SKU-A100,pick_fee,1,2.10,2.10,TPL-000429
3PL-WH-IL-01-20260419,2026-04-19,WH-IL-01,ORD-00228,SKU-E515,pick_fee,1,2.10,2.10,TPL-000430
3PL-WH-IL-01-20260419,2026-04-19,WH-IL-01,ORD-00228,SKU-E515,additional_item_fee,2,0.65,1.30,TPL-000431
3PL-WH-CA-01-20260420,2026-04-20,WH-CA-01,ORD-00229,SKU-C330,pick_fee,1,2.10,2.10,TPL-000432
3PL-WH-IL-01-20260420,2026-04-20,WH-IL-01,ORD-00230,SKU-B210,pick_fee,1,2.10,2.10,TPL-000433
3PL-WH-IL-01-20260420,2026-04-20,WH-IL-01,ORD-00230,SKU-B210,additional_item_fee,2,0.65,1.30,TPL-000434
3PL-WH-CA-01-20260420,2026-04-20,WH-CA-01,ORD-00231,SKU-E515,pick_fee,1,2.10,2.10,TPL-000435
3PL-WH-CA-01-20260420,2026-04-20,WH-CA-01,ORD-00231,SKU-E515,additional_item_fee,2,0.65,1.30,TPL-000436
3PL-WH-CA-01-20260420,2026-04-20,WH-CA-01,ORD-00231,SKU-E515,packaging_fee,1,0.40,0.40,TPL-000437
3PL-WH-CA-01-20260420,2026-04-20,WH-CA-01,ORD-00232,SKU-B210,pick_fee,1,2.10,2.10,TPL-000438
3PL-WH-CA-01-20260420,2026-04-20,WH-CA-01,ORD-00232,SKU-B210,additional_item_fee,2,0.65,1.30,TPL-000439
3PL-WH-CA-01-20260421,2026-04-21,WH-CA-01,ORD-00233,SKU-E515,pick_fee,1,2.10,2.10,TPL-000440
3PL-WH-CA-01-20260421,2026-04-21,WH-CA-01,ORD-00233,SKU-E515,additional_item_fee,1,0.65,0.65,TPL-000441
3PL-WH-CA-01-20260421,2026-04-21,WH-CA-01,ORD-00234,SKU-B210,pick_fee,1,2.10,2.10,TPL-000442
3PL-WH-CA-01-20260421,2026-04-21,WH-CA-01,ORD-00234,SKU-B210,additional_item_fee,3,0.65,1.95,TPL-000443
3PL-WH-NJ-01-20260421,2026-04-21,WH-NJ-01,ORD-00235,SKU-D410,pick_fee,1,2.10,2.10,TPL-000444
3PL-WH-NJ-01-20260421,2026-04-21,WH-NJ-01,ORD-00235,SKU-D410,additional_item_fee,1,0.65,0.65,TPL-000445
3PL-WH-NJ-01-20260421,2026-04-21,WH-NJ-01,ORD-00236,SKU-A100,pick_fee,1,2.10,2.10,TPL-000446
3PL-WH-NJ-01-20260421,2026-04-21,WH-NJ-01,ORD-00237,SKU-G725,pick_fee,1,2.10,2.10,TPL-000447
3PL-WH-CA-01-20260422,2026-04-22,WH-CA-01,ORD-00238,SKU-A100,pick_fee,1,2.10,2.10,TPL-000448
3PL-WH-CA-01-20260422,2026-04-22,WH-CA-01,ORD-00238,SKU-A100,packaging_fee,1,0.40,0.40,TPL-000449
3PL-WH-NJ-01-20260422,2026-04-22,WH-NJ-01,ORD-00239,SKU-E515,pick_fee,1,2.10,2.10,TPL-000450
3PL-WH-NJ-01-20260422,2026-04-22,WH-NJ-01,ORD-00239,SKU-E515,additional_item_fee,2,0.65,1.30,TPL-000451
3PL-WH-NJ-01-20260422,2026-04-22,WH-NJ-01,ORD-00239,SKU-E515,packaging_fee,1,0.40,0.40,TPL-000452
3PL-WH-IL-01-20260422,2026-04-22,WH-IL-01,ORD-00240,SKU-B210,pick_fee,1,2.10,2.10,TPL-000453
3PL-WH-IL-01-20260422,2026-04-22,WH-IL-01,ORD-00240,SKU-B210,additional_item_fee,3,0.65,1.95,TPL-000454
3PL-WH-NJ-01-20260326-ORP,2026-03-26,WH-NJ-01,ORD-99001,SKU-B210,pick_fee,1,2.10,2.10,TPL-000455
3PL-WH-CA-01-20260326-ORP,2026-03-26,WH-CA-01,ORD-99002,SKU-F640,additional_item_fee,3,0.65,1.95,TPL-000456
